{
  "backbone_only": {
    "FF++": {
      "auc": 0.8961996822693341,
      "ap": 0.9737415202991595,
      "eer": 0.18413189308711694,
      "TPR@FPR=1%": 0.2132132132132132,
      "thresh@FPR=1%": 0.985576331615448,
      "TPR@FPR=5%": 0.5395395395395396,
      "thresh@FPR=5%": 0.9407351613044739,
      "TPR@FPR=10%": 0.7027027027027027,
      "thresh@FPR=10%": 0.8923786282539368,
      "TPR@FPR=20%": 0.8578578578578578,
      "thresh@FPR=20%": 0.8149493932723999,
      "optimal_threshold": 0.8149493932723999,
      "tpr_at_optimal": 0.8578578578578578,
      "fpr_at_optimal": 0.19900497512437812,
      "youdens_j": 0.6588528827334797,
      "precision": 0.9554069119179999,
      "recall": 0.8578578578492707,
      "confusion_optimal": {
        "tp": 857,
        "fp": 40,
        "fn": 142,
        "tn": 161
      }
    },
    "CelebDF": {
      "auc": 0.7442869773904257,
      "ap": 0.9450399836711825,
      "eer": 0.33061260578501955,
      "TPR@FPR=1%": 0.06896551724137931,
      "thresh@FPR=1%": 0.9600852727890015,
      "TPR@FPR=5%": 0.2838196286472148,
      "thresh@FPR=5%": 0.926548421382904,
      "TPR@FPR=10%": 0.367816091954023,
      "thresh@FPR=10%": 0.9135356545448303,
      "TPR@FPR=20%": 0.5137046861184792,
      "thresh@FPR=20%": 0.8898645639419556,
      "optimal_threshold": 0.8696069717407227,
      "tpr_at_optimal": 0.6383731211317418,
      "fpr_at_optimal": 0.26857142857142857,
      "youdens_j": 0.36980169256031326,
      "precision": 0.9388816644871407,
      "recall": 0.6383731211260976,
      "confusion_optimal": {
        "tp": 722,
        "fp": 47,
        "fn": 409,
        "tn": 128
      }
    }
  },
  "backbone+rppg": {
    "FF++": {
      "auc": 0.8967026728220758,
      "ap": 0.9740042905339127,
      "eer": 0.17964232889606024,
      "TPR@FPR=1%": 0.24924924924924924,
      "thresh@FPR=1%": 0.9858860969543457,
      "TPR@FPR=5%": 0.5335335335335335,
      "thresh@FPR=5%": 0.9448904395103455,
      "TPR@FPR=10%": 0.6686686686686687,
      "thresh@FPR=10%": 0.8978517055511475,
      "TPR@FPR=20%": 0.8478478478478478,
      "thresh@FPR=20%": 0.8076704740524292,
      "optimal_threshold": 0.8088425397872925,
      "tpr_at_optimal": 0.8468468468468469,
      "fpr_at_optimal": 0.1890547263681592,
      "youdens_j": 0.6577921204786876,
      "precision": 0.9570135746498075,
      "recall": 0.8468468468383699,
      "confusion_optimal": {
        "tp": 846,
        "fp": 38,
        "fn": 153,
        "tn": 163
      }
    },
    "CelebDF": {
      "auc": 0.7635670077049388,
      "ap": 0.9501999118986155,
      "eer": 0.318709106984969,
      "TPR@FPR=1%": 0.09018567639257294,
      "thresh@FPR=1%": 0.955350399017334,
      "TPR@FPR=5%": 0.3244916003536693,
      "thresh@FPR=5%": 0.919830322265625,
      "TPR@FPR=10%": 0.4146772767462423,
      "thresh@FPR=10%": 0.9054032564163208,
      "TPR@FPR=20%": 0.5729442970822282,
      "thresh@FPR=20%": 0.8760241270065308,
      "optimal_threshold": 0.8763655424118042,
      "tpr_at_optimal": 0.5720601237842617,
      "fpr_at_optimal": 0.18857142857142858,
      "youdens_j": 0.38348869521283313,
      "precision": 0.9514705882213019,
      "recall": 0.5720601237792038,
      "confusion_optimal": {
        "tp": 647,
        "fp": 33,
        "fn": 484,
        "tn": 142
      }
    }
  },
  "backbone+blink": {
    "FF++": {
      "auc": 0.8981817638534056,
      "ap": 0.9739260247398653,
      "eer": 0.17814082739455872,
      "TPR@FPR=1%": 0.1991991991991992,
      "thresh@FPR=1%": 0.9864524602890015,
      "TPR@FPR=5%": 0.5315315315315315,
      "thresh@FPR=5%": 0.940975546836853,
      "TPR@FPR=10%": 0.6806806806806807,
      "thresh@FPR=10%": 0.8881873488426208,
      "TPR@FPR=20%": 0.8448448448448449,
      "thresh@FPR=20%": 0.8030858039855957,
      "optimal_threshold": 0.7800842523574829,
      "tpr_at_optimal": 0.8728728728728729,
      "fpr_at_optimal": 0.208955223880597,
      "youdens_j": 0.6639176489922758,
      "precision": 0.9540481400333255,
      "recall": 0.8728728728641354,
      "confusion_optimal": {
        "tp": 872,
        "fp": 42,
        "fn": 127,
        "tn": 159
      }
    },
    "CelebDF": {
      "auc": 0.7491600353669319,
      "ap": 0.9463453150493389,
      "eer": 0.3323809523809524,
      "TPR@FPR=1%": 0.06984969053934571,
      "thresh@FPR=1%": 0.9599111676216125,
      "TPR@FPR=5%": 0.3015030946065429,
      "thresh@FPR=5%": 0.9264644980430603,
      "TPR@FPR=10%": 0.3757736516357206,
      "thresh@FPR=10%": 0.9131371974945068,
      "TPR@FPR=20%": 0.5384615384615384,
      "thresh@FPR=20%": 0.8863075971603394,
      "optimal_threshold": 0.8692176938056946,
      "tpr_at_optimal": 0.6259946949602122,
      "fpr_at_optimal": 0.25142857142857145,
      "youdens_j": 0.37456612353164076,
      "precision": 0.9414893616896078,
      "recall": 0.6259946949546774,
      "confusion_optimal": {
        "tp": 708,
        "fp": 44,
        "fn": 423,
        "tn": 131
      }
    }
  },
  "full_fusion": {
    "FF++": {
      "auc": 0.8993620486157798,
      "ap": 0.9744277116972592,
      "eer": 0.17415176370400248,
      "TPR@FPR=1%": 0.24924924924924924,
      "thresh@FPR=1%": 0.982797384262085,
      "TPR@FPR=5%": 0.5115115115115115,
      "thresh@FPR=5%": 0.9411566257476807,
      "TPR@FPR=10%": 0.6886886886886887,
      "thresh@FPR=10%": 0.8776729702949524,
      "TPR@FPR=20%": 0.8558558558558559,
      "thresh@FPR=20%": 0.7856040000915527,
      "optimal_threshold": 0.7886816263198853,
      "tpr_at_optimal": 0.8518518518518519,
      "fpr_at_optimal": 0.1890547263681592,
      "youdens_j": 0.6627971254836926,
      "precision": 0.957255343071347,
      "recall": 0.8518518518433248,
      "confusion_optimal": {
        "tp": 851,
        "fp": 38,
        "fn": 148,
        "tn": 163
      }
    },
    "CelebDF": {
      "auc": 0.7578375647341165,
      "ap": 0.9487262562251203,
      "eer": 0.31959328028293543,
      "TPR@FPR=1%": 0.08045977011494253,
      "thresh@FPR=1%": 0.9545906782150269,
      "TPR@FPR=5%": 0.3059239610963749,
      "thresh@FPR=5%": 0.9208693504333496,
      "TPR@FPR=10%": 0.38992042440318303,
      "thresh@FPR=10%": 0.9054940938949585,
      "TPR@FPR=20%": 0.5623342175066313,
      "thresh@FPR=20%": 0.8735736608505249,
      "optimal_threshold": 0.8749684691429138,
      "tpr_at_optimal": 0.5561450044208665,
      "fpr_at_optimal": 0.18857142857142858,
      "youdens_j": 0.36757357584943784,
      "precision": 0.95015105738746,
      "recall": 0.5561450044159493,
      "confusion_optimal": {
        "tp": 629,
        "fp": 33,
        "fn": 502,
        "tn": 142
      }
    }
  }
}