{
  "clean": {
    "auc": 0.72608,
    "eer": 0.353,
    "ap": 0.9194167148692551,
    "ece": 0.09892283781121174
  },
  "jpeg_q50": {
    "auc": 0.68906,
    "eer": 0.368,
    "ap": 0.9031827117111556,
    "ece": 0.10658838469535113
  },
  "jpeg_q30": {
    "auc": 0.6754399999999999,
    "eer": 0.351,
    "ap": 0.9028963184022968,
    "ece": 0.0928617331944406
  },
  "jpeg_q10": {
    "auc": 0.6397999999999999,
    "eer": 0.392,
    "ap": 0.8893745829406585,
    "ece": 0.0791485762099425
  },
  "blur_s1": {
    "auc": 0.52289,
    "eer": 0.492,
    "ap": 0.8480946671872174,
    "ece": 0.14321927378575003
  },
  "blur_s2": {
    "auc": 0.49923999999999996,
    "eer": 0.502,
    "ap": 0.8351688338301176,
    "ece": 0.11787248849868776
  },
  "blur_s3": {
    "auc": 0.49962,
    "eer": 0.497,
    "ap": 0.8403072292663669,
    "ece": 0.09060519595940908
  },
  "noise_s5": {
    "auc": 0.69506,
    "eer": 0.33699999999999997,
    "ap": 0.9073145522248659,
    "ece": 0.12609029890348514
  },
  "noise_s10": {
    "auc": 0.62358,
    "eer": 0.41600000000000004,
    "ap": 0.8911064172498203,
    "ece": 0.12201358604555329
  },
  "noise_s20": {
    "auc": 0.5033799999999999,
    "eer": 0.492,
    "ap": 0.8359223251295376,
    "ece": 0.07601878980795543
  },
  "downscale_2x": {
    "auc": 0.5379,
    "eer": 0.45999999999999996,
    "ap": 0.8491428818648997,
    "ece": 0.13805336316426592
  },
  "downscale_4x": {
    "auc": 0.51024,
    "eer": 0.5,
    "ap": 0.8411992287753202,
    "ece": 0.11888038863738376
  }
}