{
  "FF++": {
    "ff_only": {
      "auc": 0.8966080508369066,
      "ap": 0.9726055266064123,
      "eer": 0.17764032689405823,
      "TPR@FPR=1%": 0.19019019019019018,
      "thresh@FPR=1%": 0.9921578168869019,
      "TPR@FPR=5%": 0.5375375375375375,
      "thresh@FPR=5%": 0.9527180194854736,
      "TPR@FPR=10%": 0.6836836836836837,
      "thresh@FPR=10%": 0.9009426832199097,
      "TPR@FPR=20%": 0.8628628628628628,
      "thresh@FPR=20%": 0.8077991604804993,
      "optimal_threshold": 0.8089700937271118,
      "tpr_at_optimal": 0.8608608608608609,
      "fpr_at_optimal": 0.19402985074626866,
      "youdens_j": 0.6668310101145922,
      "precision": 0.9566184649504269,
      "recall": 0.8608608608522437,
      "confusion_optimal": {
        "tp": 860,
        "fp": 39,
        "fn": 139,
        "tn": 162
      }
    },
    "mixed": {
      "auc": 0.8907116071295176,
      "ap": 0.9726010005837324,
      "eer": 0.18762045627717272,
      "TPR@FPR=1%": 0.24824824824824826,
      "thresh@FPR=1%": 0.9840855598449707,
      "TPR@FPR=5%": 0.48348348348348347,
      "thresh@FPR=5%": 0.9601696729660034,
      "TPR@FPR=10%": 0.6656656656656657,
      "thresh@FPR=10%": 0.9261363744735718,
      "TPR@FPR=20%": 0.8158158158158159,
      "thresh@FPR=20%": 0.8653290271759033,
      "optimal_threshold": 0.8972132205963135,
      "tpr_at_optimal": 0.7657657657657657,
      "fpr_at_optimal": 0.12935323383084577,
      "youdens_j": 0.63641253193492,
      "precision": 0.9671302149055988,
      "recall": 0.7657657657581004,
      "confusion_optimal": {
        "tp": 765,
        "fp": 26,
        "fn": 234,
        "tn": 175
      }
    }
  },
  "CelebDF": {
    "ff_only": {
      "auc": 0.6037893141341417,
      "ap": 0.9044804708483694,
      "eer": 0.42121510673234813,
      "TPR@FPR=1%": 0.020335985853227233,
      "thresh@FPR=1%": 0.9888665080070496,
      "TPR@FPR=5%": 0.08311229000884174,
      "thresh@FPR=5%": 0.9829135537147522,
      "TPR@FPR=10%": 0.21043324491600354,
      "thresh@FPR=10%": 0.9749734401702881,
      "TPR@FPR=20%": 0.36074270557029176,
      "thresh@FPR=20%": 0.9644076824188232,
      "optimal_threshold": 0.9388977289199829,
      "tpr_at_optimal": 0.6091954022988506,
      "fpr_at_optimal": 0.41714285714285715,
      "youdens_j": 0.19205254515599346,
      "precision": 0.9041994750537506,
      "recall": 0.6091954022934642,
      "confusion_optimal": {
        "tp": 689,
        "fp": 73,
        "fn": 442,
        "tn": 102
      }
    },
    "mixed": {
      "auc": 0.7329240874068461,
      "ap": 0.9426630908306268,
      "eer": 0.33700644183402806,
      "TPR@FPR=1%": 0.07161803713527852,
      "thresh@FPR=1%": 0.9591286182403564,
      "TPR@FPR=5%": 0.2475685234305924,
      "thresh@FPR=5%": 0.9337899088859558,
      "TPR@FPR=10%": 0.381078691423519,
      "thresh@FPR=10%": 0.9150301814079285,
      "TPR@FPR=20%": 0.4960212201591512,
      "thresh@FPR=20%": 0.8966966867446899,
      "optimal_threshold": 0.8635690808296204,
      "tpr_at_optimal": 0.7064544650751547,
      "fpr_at_optimal": 0.36,
      "youdens_j": 0.34645446507515476,
      "precision": 0.9269141531214975,
      "recall": 0.7064544650689085,
      "confusion_optimal": {
        "tp": 799,
        "fp": 63,
        "fn": 332,
        "tn": 112
      }
    }
  }
}