{
  "FF++": {
    "ff_only": {
      "auc": 0.8911349160105378,
      "eer": 0.18962245827917473,
      "ap": 0.971596595373855,
      "TPR@FPR=1%": 0.1941941941941942,
      "TPR@FPR=5%": 0.5485485485485485,
      "TPR@FPR=10%": 0.6976976976976977,
      "TPR@FPR=20%": 0.8108108108108109
    },
    "mixed": {
      "auc": 0.8948351336411039,
      "eer": 0.17213482138855274,
      "ap": 0.973474919032457,
      "TPR@FPR=1%": 0.21421421421421422,
      "TPR@FPR=5%": 0.5415415415415415,
      "TPR@FPR=10%": 0.6796796796796797,
      "TPR@FPR=20%": 0.8448448448448449
    },
    "ensemble": {
      "auc": 0.8948052530142083,
      "eer": 0.182129891085115,
      "ap": 0.9732598771337562,
      "TPR@FPR=1%": 0.2042042042042042,
      "TPR@FPR=5%": 0.5725725725725725,
      "TPR@FPR=10%": 0.6836836836836837,
      "TPR@FPR=20%": 0.8278278278278278
    }
  },
  "CelebDF": {
    "ff_only": {
      "auc": 0.6013793103448275,
      "eer": 0.42913982569154985,
      "ap": 0.903608010547992,
      "TPR@FPR=1%": 0.023872679045092837,
      "TPR@FPR=5%": 0.07692307692307693,
      "TPR@FPR=10%": 0.20070733863837312,
      "TPR@FPR=20%": 0.35455349248452694
    },
    "mixed": {
      "auc": 0.7338890994063408,
      "eer": 0.3374485284830112,
      "ap": 0.9427306713886042,
      "TPR@FPR=1%": 0.0636604774535809,
      "TPR@FPR=5%": 0.2723253757736516,
      "TPR@FPR=10%": 0.35278514588859416,
      "TPR@FPR=20%": 0.4916003536693192
    },
    "ensemble": {
      "auc": 0.6790703549324238,
      "eer": 0.37911077428318807,
      "ap": 0.9284379016518106,
      "TPR@FPR=1%": 0.060123784261715295,
      "TPR@FPR=5%": 0.1945181255526083,
      "TPR@FPR=10%": 0.2723253757736516,
      "TPR@FPR=20%": 0.47038019451812557
    }
  }
}