{
  "FF++ test": {
    "auc": 0.72794,
    "ap": 0.9195663184333438,
    "TPR@FPR=1%": 0.038,
    "thresh@FPR=1%": 0.9976311922073364,
    "TPR@FPR=5%": 0.228,
    "thresh@FPR=5%": 0.9934608936309814,
    "TPR@FPR=10%": 0.37,
    "thresh@FPR=10%": 0.9855805039405823,
    "TPR@FPR=20%": 0.548,
    "thresh@FPR=20%": 0.9523419737815857,
    "optimal_threshold": 0.9523419737815857,
    "tpr_at_optimal": 0.548,
    "fpr_at_optimal": 0.19,
    "youdens_j": 0.35800000000000004,
    "confusion_optimal": {
      "tp": 274,
      "fp": 19,
      "fn": 226,
      "tn": 81
    }
  },
  "CelebDF-v2": {
    "auc": 0.5740745131717115,
    "ap": 0.8895702561548984,
    "TPR@FPR=1%": 0.011349530058521014,
    "thresh@FPR=1%": 0.9946927428245544,
    "TPR@FPR=5%": 0.07696400070934563,
    "thresh@FPR=5%": 0.9899312257766724,
    "TPR@FPR=10%": 0.1516226281255542,
    "thresh@FPR=10%": 0.986362636089325,
    "TPR@FPR=20%": 0.28622096116332685,
    "thresh@FPR=20%": 0.9804546236991882,
    "optimal_threshold": 0.974405825138092,
    "tpr_at_optimal": 0.39687887923390675,
    "fpr_at_optimal": 0.27752808988764044,
    "youdens_j": 0.1193507893462663,
    "confusion_optimal": {
      "tp": 2238,
      "fp": 247,
      "fn": 3401,
      "tn": 643
    }
  },
  "DFDC": {
    "auc": 0.5373166522864539,
    "ap": 0.8372963964900348,
    "TPR@FPR=1%": 0.02622950819672131,
    "thresh@FPR=1%": 0.964149534702301,
    "TPR@FPR=5%": 0.13442622950819672,
    "thresh@FPR=5%": 0.9335780739784241,
    "TPR@FPR=10%": 0.16065573770491803,
    "thresh@FPR=10%": 0.9263294339179993,
    "TPR@FPR=20%": 0.3114754098360656,
    "thresh@FPR=20%": 0.8837441205978394,
    "optimal_threshold": 0.8983463048934937,
    "tpr_at_optimal": 0.2721311475409836,
    "fpr_at_optimal": 0.15789473684210525,
    "youdens_j": 0.11423641069887835,
    "confusion_optimal": {
      "tp": 83,
      "fp": 12,
      "fn": 222,
      "tn": 64
    }
  }
}