{
  "ff_val": {
    "auc": 0.78294
  },
  "CelebDF-v2": {
    "auc": 0.5736292792370948,
    "eer": 0.4438466259257857,
    "ap": 0.889355679603385,
    "ece": 0.08493141007653458,
    "n": 6529,
    "n_real": 890,
    "n_fake": 5639
  },
  "DFDC-faces": {
    "auc": 0.5389991371872304,
    "eer": 0.47618636755823984,
    "ap": 0.8381696678439081,
    "ece": 0.07369631779162589,
    "n": 381,
    "n_real": 76,
    "n_fake": 305
  }
}