{
  "FF++": {
    "ff_only_auc": 0.8963690058217421,
    "mixed_auc": 0.895796293806244,
    "delta_auc": -0.0005727120154980225,
    "ff_only_eer": 0.18014282939656073,
    "mixed_eer": 0.1786413278950592,
    "n_test": 1200
  },
  "CelebDF": {
    "ff_only_auc": 0.6020613868889731,
    "mixed_auc": 0.7475558923834784,
    "delta_auc": 0.14549450549450527,
    "ff_only_eer": 0.4163521535935329,
    "mixed_eer": 0.32642920298092715,
    "n_test": 1306
  },
  "DFDC": {
    "ff_only_auc": 0.5371900826446281,
    "mixed_auc": 0.6570247933884297,
    "delta_auc": 0.11983471074380159,
    "ff_only_eer": 0.5303030303030303,
    "mixed_eer": 0.36363636363636365,
    "n_test": 77
  }
}