{
  "val_raw": {
    "auc": 0.7825199999999999,
    "eer": 0.277,
    "ap": 0.9382159730935669,
    "ece": 0.06226532801364858
  },
  "val_calibrated": {
    "auc": 0.7825199999999999,
    "eer": 0.277,
    "ap": 0.9382159730935669,
    "ece": 0.032640864209663015
  },
  "test_raw": {
    "auc": 0.7265800000000001,
    "eer": 0.34099999999999997,
    "ap": 0.9191920432203574,
    "ece": 0.09220400066425401
  },
  "test_calibrated": {
    "auc": 0.7265800000000001,
    "eer": 0.34099999999999997,
    "ap": 0.9191920432203574,
    "ece": 0.03945986356929935
  },
  "platt_coef": 0.5204544876127294,
  "platt_intercept": 0.5980667074725268
}